{
  "input_length": 44,
  "coefficients": [
    3.0722677627330306,
    2.2150626061658882,
    2.522626346232338,
    2.007346282666411,
    1.3984591775173205,
    2.0257937085463844,
    1.8811195268590446,
    1.5331624944391715,
    -0.018508775921987942,
    0.01763617554871992,
    -0.021901694308731835,
    0.029896392216689056,
    0.13296573526223726,
    0.2252502741232275,
    0.03957430572115744,
    0.23745583759449504,
    0.11505399564561851,
    0.10072594785257441,
    0.06851975431740928,
    0.10263564418221181,
    0.17571516149661778,
    0.22961202271474698,
    0.14401045749251268,
    0.10567311736372047,
    0.1691473769506195,
    0.13003912045731453,
    0.07483257759201466,
    0.03941745042942466,
    0.2061222207430636,
    0.07151525217759032,
    -0.07031978075237912,
    0.10348371407632202,
    0.11513090197776726,
    0.11180586371098647,
    0.09147221165718088,
    0.05476832552005411,
    0.10156307726340377,
    -0.024686053284420376,
    0.3054045573258676,
    0.2142593432604128,
    0.10980436692000052,
    0.1487861311844451,
    0.3499766982376936,
    -0.07833422599972789
  ],
  "intercept": 1.2220011018611965,
  "scaler_mean": [
    0.5230417626599471,
    0.5238539957523346,
    0.524846628288428,
    0.52432995976607,
    0.5230416286689655,
    0.525342474700847,
    0.5231213748346962,
    0.5251041199270308,
    0.35,
    0.25,
    0.25,
    0.15,
    0.18304796028733253,
    0.13090354244709015,
    0.13061825950543085,
    0.07847200042009353,
    0.18325491188367207,
    0.13112533293366432,
    0.13090747488737106,
    0.07856627604762713,
    0.18351188178658484,
    0.13096981657942136,
    0.13128816034595173,
    0.07907676957647006,
    0.183519407192866,
    0.13137456519007684,
    0.1310015222231547,
    0.0784344651599725,
    0.18293950515278973,
    0.13104113291695463,
    0.13054251453176366,
    0.07851847606745695,
    0.18351898366408267,
    0.131551811635056,
    0.13130121984864063,
    0.07897045955306926,
    0.1833293019567227,
    0.13057243420996892,
    0.13082558055368657,
    0.07839405811431724,
    0.18388396926975437,
    0.13099041526546076,
    0.13126826574171993,
    0.0789614696500956
  ],
  "scaler_std": [
    0.04499298310785737,
    0.03912691754540368,
    0.05944945494495311,
    0.04822423389632793,
    0.05117067546068763,
    0.04232896684399362,
    0.06935713554538164,
    0.08369518822290636,
    0.47696960070845024,
    0.4330127018922193,
    0.4330127018922193,
    0.35707142142717885,
    0.25089923962412775,
    0.22782849649925463,
    0.22731552808858457,
    0.18763575002484048,
    0.2507833319817571,
    0.2279467611520604,
    0.22760761270520735,
    0.18764607984578108,
    0.25255841393173806,
    0.22872669916286148,
    0.22934493130352726,
    0.18967880192929107,
    0.25170825799243224,
    0.22880772967116192,
    0.22819084229094902,
    0.1876549634138771,
    0.2511912851709015,
    0.22838417223671964,
    0.2275162203527096,
    0.18795164459035382,
    0.25134118230292457,
    0.22884274835759283,
    0.22838853773071008,
    0.18871221282557404,
    0.25311053337566586,
    0.22885545845904073,
    0.2292323310552492,
    0.18857201828604755,
    0.25534906247944134,
    0.23065377282094054,
    0.23120294736317876,
    0.19089797661301702
  ]
}