{
  "input_length": 44,
  "coefficients": [
    2.788366428412592,
    2.0326856572817142,
    2.277442696834589,
    1.8409424371383374,
    1.2788071406300208,
    1.8928322555673796,
    1.7138344704472401,
    1.4130745029010658,
    -0.007280806591058995,
    0.007998297004852654,
    -0.006963918019984021,
    0.008471202095835293,
    0.2751325765912921,
    0.08668001273911563,
    0.11075039279470739,
    0.06278427954068581,
    0.08891861825920311,
    0.09380555335545286,
    0.08639563505065169,
    0.08987863576165486,
    0.11764020858065107,
    0.06585320490409263,
    0.28341092025955733,
    0.12979181143857205,
    0.07461553238381528,
    0.08578972178908068,
    0.16636781973933473,
    0.06901237365714899,
    0.02465952995265801,
    0.10238999022812934,
    0.09536605685421815,
    -0.04433544128222687,
    0.08778211238678386,
    0.20419343636165613,
    -0.019004391266877477,
    0.09093085944915652,
    0.11775904313252149,
    0.07779763926201583,
    0.08624978186301814,
    0.1452344397653612,
    0.111043259284935,
    0.12936236397029874,
    0.07951365308586537,
    0.12431666358409979
  ],
  "intercept": 1.051169204928865,
  "scaler_mean": [
    0.5228423363616069,
    0.523964878834784,
    0.5247768019512296,
    0.5247657591079672,
    0.5228424630065759,
    0.5252257344484983,
    0.5227755178188285,
    0.5254441701943676,
    0.35,
    0.25,
    0.25,
    0.15,
    0.18284112064540387,
    0.13080039540181557,
    0.13069135568042597,
    0.07850946463396152,
    0.1831786359498898,
    0.13127576856066783,
    0.13101696322361628,
    0.07849351110061009,
    0.1837234545648098,
    0.13130436119188865,
    0.13128525220851103,
    0.07846373398602009,
    0.1838567560389638,
    0.13132795218626658,
    0.13100283335397642,
    0.07857821752876043,
    0.18285979548841716,
    0.1308961718728145,
    0.13066827065497638,
    0.0784182249903679,
    0.1836872220959666,
    0.13132088365256558,
    0.13135249204071917,
    0.07886513665925018,
    0.18279260631153982,
    0.130783539292713,
    0.1306039683346947,
    0.0785954038798809,
    0.18441491836309434,
    0.13081607922166585,
    0.1315334247921904,
    0.07867974781741699
  ],
  "scaler_std": [
    0.04506232332592559,
    0.03947161857104958,
    0.058947528578489256,
    0.048554410248013435,
    0.03345987338321411,
    0.0430771716867804,
    0.05504364011654819,
    0.07063828675865914,
    0.47696960070844274,
    0.4330127018922193,
    0.4330127018922193,
    0.3570714214271719,
    0.25053724675675393,
    0.2276649982940291,
    0.22753118472836142,
    0.1877243534233025,
    0.25069831498899686,
    0.22823748694234527,
    0.22777716449556684,
    0.18750561233828136,
    0.25279569411421804,
    0.22930898725568305,
    0.22929817289672466,
    0.18818091899891592,
    0.2521691948634144,
    0.2287480908108384,
    0.2282428706830369,
    0.1879899369594857,
    0.24997543202551942,
    0.22734516064396282,
    0.226941292779227,
    0.1871170425511677,
    0.25160893966464204,
    0.22849795338522177,
    0.22852754998418884,
    0.1884546192989083,
    0.2512574400397589,
    0.228155748569888,
    0.22793057183741278,
    0.18823986522828592,
    0.2548312674432445,
    0.22930516858749544,
    0.2304891369232238,
    0.18926968285540738
  ]
}