{
  "input_length": 44,
  "coefficients": [
    3.4664783698763393,
    2.5351941184424414,
    2.8692651315944446,
    2.281475881116025,
    1.570539621750346,
    2.138417547885648,
    2.085328618898298,
    1.7335082503961272,
    -0.008579981452016047,
    0.008346591450977598,
    -0.008291874801641511,
    0.011394631658930749,
    0.208963151384109,
    0.18667899179507472,
    0.13494367533892837,
    0.09871259153100623,
    0.11954781998922887,
    0.0860121665760639,
    0.11619992219813102,
    0.08800638479021264,
    0.1939702949141776,
    0.19068105838693009,
    0.19287439338425122,
    0.15023670441023565,
    0.11351068319605723,
    0.11518406378933753,
    0.09974884495690761,
    0.13381414456070537,
    0.08844437011293946,
    0.09731834671371081,
    0.10544711739547172,
    0.06583261186332763,
    0.09404460902447123,
    0.08773245293693578,
    0.09647309304452244,
    0.10981101512779316,
    0.20418783450160008,
    0.24316543851936875,
    0.12209522680269436,
    0.04690068387527256,
    0.16262070408938134,
    0.0617900010422323,
    0.2287036554071228,
    0.18274769693915016
  ],
  "intercept": 1.7993227097904436,
  "scaler_mean": [
    0.5240209219398498,
    0.5238239088975191,
    0.5239872089424134,
    0.5236599442547559,
    0.52370619942941,
    0.523777733179356,
    0.5239678228315442,
    0.5239007999405466,
    0.35,
    0.25,
    0.25,
    0.15,
    0.1833605099477768,
    0.13102455745601654,
    0.1309997111108303,
    0.07863614342522621,
    0.18338382884562016,
    0.13092769296765328,
    0.13092077121889592,
    0.07859161586534977,
    0.18333592756664752,
    0.131009044195652,
    0.13102707369601727,
    0.07861516348409653,
    0.18325652357017994,
    0.130917569157362,
    0.13089753058445452,
    0.07858832094275951,
    0.18319426849580586,
    0.13101318502737216,
    0.13093843684470363,
    0.07856030906153423,
    0.18325741933119508,
    0.13094545022204548,
    0.13102208716376254,
    0.07855277646236028,
    0.18343073151775843,
    0.13088051724664726,
    0.13098868015388493,
    0.07866789391325313,
    0.18334753081898908,
    0.1309432288346508,
    0.1310502279183181,
    0.078559812368572
  ],
  "scaler_std": [
    0.04162857963543733,
    0.0364872055882475,
    0.05749163664644321,
    0.044980917966515,
    0.05152349620686528,
    0.04028884072394455,
    0.06923437645670596,
    0.08253387505274395,
    0.4769696007082055,
    0.4330127018922193,
    0.4330127018922193,
    0.35707142142635306,
    0.2510796707452833,
    0.22789757955386283,
    0.22785916848566812,
    0.18788208577111792,
    0.2508424901922631,
    0.22750723150251256,
    0.22749667964852474,
    0.18761127176378956,
    0.25217421937081097,
    0.22870625459790114,
    0.22876039193988174,
    0.18845240439601135,
    0.25116568846579773,
    0.227860979874463,
    0.22782828157490645,
    0.18788244743380547,
    0.2514968749714553,
    0.2283891823686758,
    0.22825535263685515,
    0.1880661058442739,
    0.25087054798498537,
    0.22769690397009007,
    0.22782987853227196,
    0.18764493144562885,
    0.2532748006853781,
    0.22932050126868114,
    0.2295356584569558,
    0.1891819966524034,
    0.25458692167843755,
    0.230564641940348,
    0.23068452551386856,
    0.18969905377628676
  ]
}