{
  "input_length": 44,
  "coefficients": [
    1.5001889321363142,
    0.946521581163241,
    1.234261633893737,
    0.8922417078824273,
    0.5655019567293457,
    0.8823286707129022,
    0.8466047741062205,
    0.72366021000366,
    -0.019025523930462637,
    0.03019263666764488,
    -0.03466278793005995,
    0.030834808298014806,
    -0.00621274291881813,
    0.12139089494871148,
    -0.07899639798949865,
    0.32079035184321747,
    0.006161619987463715,
    0.08354076396708841,
    0.005194614319405979,
    0.08518606859827978,
    0.12899642905820208,
    0.10760377200493174,
    -0.002530619805408949,
    0.08949905222390815,
    0.14217609080079158,
    0.0815973318286406,
    0.05527251040666286,
    -0.12579639464701964,
    0.19745086619817206,
    0.07038539090898932,
    -0.1872428438646147,
    0.032259182553255314,
    0.04177493595150326,
    0.05161826910563151,
    0.16481278043537131,
    -0.11675930791706361,
    -0.03401702746212796,
    -0.14660389537048504,
    0.3010810064883126,
    0.16854859679841908,
    0.054651741305935524,
    0.06759291148370881,
    0.2186614996175203,
    -0.10332970493559518
  ],
  "intercept": 0.4490004175254546,
  "scaler_mean": [
    0.5193080898459935,
    0.5201383765532699,
    0.5210634344475447,
    0.5205672374971835,
    0.5193131655207874,
    0.5215681443198585,
    0.5194516085406411,
    0.5213730188145025,
    0.35,
    0.25,
    0.25,
    0.15,
    0.18172569697749416,
    0.1299837625191695,
    0.12967864898255144,
    0.07791998136678129,
    0.18196291526030778,
    0.13017927912030244,
    0.12997879082173613,
    0.07801739135092164,
    0.18219225522618754,
    0.13003669983623675,
    0.13034540603790368,
    0.07848907334721729,
    0.1821915584213031,
    0.13042376085567856,
    0.130078245461895,
    0.0778736727583095,
    0.1816295567466561,
    0.13012304864377544,
    0.1295955178194221,
    0.07796504231093489,
    0.18220578982088628,
    0.13060310853766496,
    0.13034910349698667,
    0.07841014246432142,
    0.18203889724029612,
    0.12963602624752574,
    0.12992417338801518,
    0.07785251166479404,
    0.18257632112448488,
    0.1300586924438715,
    0.13033266743079766,
    0.0784053378153443
  ],
  "scaler_std": [
    0.04523593404447273,
    0.03961039013711016,
    0.05919237246630923,
    0.048366904627881256,
    0.05116826321925297,
    0.04266923315063683,
    0.06880006940026974,
    0.08282559454308813,
    0.4769696007087974,
    0.4330127018922193,
    0.4330127018922193,
    0.3570714214267373,
    0.24912009545408956,
    0.22625632116637887,
    0.22571003342547236,
    0.18633661726540837,
    0.2490580741130804,
    0.2263350822252727,
    0.22602543780571288,
    0.18635872624916136,
    0.2507537743781558,
    0.22711298293790827,
    0.22770823817194752,
    0.1882764320952944,
    0.24991979576537326,
    0.22717986640086002,
    0.22660601914323114,
    0.18633287977817117,
    0.24941670635594249,
    0.22680414728464188,
    0.2258902221633806,
    0.18663948726490048,
    0.2495780985232026,
    0.2272239693009841,
    0.22676334345334173,
    0.18739599296101292,
    0.25132134025710423,
    0.22720537613304834,
    0.2276504707393235,
    0.18726725157309723,
    0.2535125307787169,
    0.2289864796749985,
    0.22952662364788717,
    0.189527422942315
  ]
}